year,month,ftsi_index,ftsi_yoy_pct,ppi_trucking_mom_pct,lmi_composite_index,lmi_transportation_capacity,lmi_transportation_utilization,lmi_transportation_prices,freight_tightness_score
2000,1,104.9,,,58.4,52.6,60.5,63.8,57.2
2000,2,103.0,,,58.4,52.6,60.5,63.8,57.2
2000,3,99.8,,,58.4,52.6,60.5,63.8,57.2
2000,4,97.9,,,58.4,52.6,60.5,63.8,57.2
2000,5,98.9,,,58.4,52.6,60.5,63.8,57.2
2000,6,99.9,,,58.4,52.6,60.5,63.8,57.2
2000,7,97.7,,,58.4,52.6,60.5,63.8,57.2
2000,8,99.7,,,58.4,52.6,60.5,63.8,57.2
2000,9,99.8,,,58.4,52.6,60.5,63.8,57.2
2000,10,99.5,,,58.4,52.6,60.5,63.8,57.2
2000,11,100.0,,,58.4,52.6,60.5,63.8,57.2
2000,12,98.9,,,58.4,52.6,60.5,63.8,57.2
2001,1,99.4,-0.0524,,58.4,52.6,60.5,63.8,57.2
2001,2,99.2,-0.0369,,58.4,52.6,60.5,63.8,57.2
2001,3,99.5,-0.003,,58.4,52.6,60.5,63.8,57.2
2001,4,97.9,0.0,,58.4,52.6,60.5,63.8,57.2
2001,5,99.4,0.0051,,58.4,52.6,60.5,63.8,57.2
2001,6,98.6,-0.013,,58.4,52.6,60.5,63.8,57.2
2001,7,97.7,0.0,,58.4,52.6,60.5,63.8,57.2
2001,8,99.2,-0.005,,58.4,52.6,60.5,63.8,57.2
2001,9,98.0,-0.018,,58.4,52.6,60.5,63.8,57.2
2001,10,98.8,-0.007,,58.4,52.6,60.5,63.8,57.2
2001,11,98.0,-0.02,,58.4,52.6,60.5,63.8,57.2
2001,12,97.6,-0.0131,,58.4,52.6,60.5,63.8,57.2
2002,1,98.7,-0.007,,58.4,52.6,60.5,63.8,57.2
2002,2,99.7,0.005,,58.4,52.6,60.5,63.8,57.2
2002,3,98.9,-0.006,,58.4,52.6,60.5,63.8,57.2
2002,4,99.6,0.0174,,58.4,52.6,60.5,63.8,57.2
2002,5,100.9,0.0151,,58.4,52.6,60.5,63.8,57.2
2002,6,101.4,0.0284,,58.4,52.6,60.5,63.8,57.2
2002,7,102.7,0.0512,,58.4,52.6,60.5,63.8,57.2
2002,8,102.4,0.0323,,58.4,52.6,60.5,63.8,57.2
2002,9,102.9,0.05,,58.4,52.6,60.5,63.8,57.2
2002,10,104.3,0.0557,,58.4,52.6,60.5,63.8,57.2
2002,11,104.7,0.0684,,58.4,52.6,60.5,63.8,57.2
2002,12,104.9,0.0748,,58.4,52.6,60.5,63.8,57.2
2003,1,104.0,0.0537,,58.4,52.6,60.5,63.8,57.2
2003,2,103.1,0.0341,,58.4,52.6,60.5,63.8,57.2
2003,3,103.5,0.0465,,58.4,52.6,60.5,63.8,57.2
2003,4,103.8,0.0422,,58.4,52.6,60.5,63.8,57.2
2003,5,102.8,0.0188,,58.4,52.6,60.5,63.8,57.2
2003,6,102.7,0.0128,,58.4,52.6,60.5,63.8,57.2
2003,7,104.1,0.0136,,58.4,52.6,60.5,63.8,57.2
2003,8,103.5,0.0107,,58.4,52.6,60.5,63.8,57.2
2003,9,104.8,0.0185,,58.4,52.6,60.5,63.8,57.2
2003,10,106.5,0.0211,,58.4,52.6,60.5,63.8,57.2
2003,11,106.0,0.0124,,58.4,52.6,60.5,63.8,57.2
2003,12,108.6,0.0353,,58.4,52.6,60.5,63.8,57.2
2004,1,107.6,0.0346,0.003,58.4,52.6,60.5,63.8,57.2
2004,2,107.7,0.0446,0.008,58.4,52.6,60.5,63.8,57.2
2004,3,110.2,0.0647,0.001,58.4,52.6,60.5,63.8,57.2
2004,4,110.6,0.0655,0.003,58.4,52.6,60.5,63.8,57.2
2004,5,110.2,0.072,0.0039,58.4,52.6,60.5,63.8,57.2
2004,6,110.9,0.0798,0.0059,58.4,52.6,60.5,63.8,57.2
2004,7,111.0,0.0663,0.001,58.4,52.6,60.5,63.8,57.2
2004,8,110.0,0.0628,0.0039,58.4,52.6,60.5,63.8,57.2
2004,9,110.6,0.0553,0.0097,58.4,52.6,60.5,63.8,57.2
2004,10,111.1,0.0432,0.0067,58.4,52.6,60.5,63.8,57.2
2004,11,112.0,0.0566,0.0067,58.4,52.6,60.5,63.8,57.2
2004,12,111.7,0.0285,-0.0057,58.4,52.6,60.5,63.8,57.2
2005,1,113.8,0.0576,0.0067,58.4,52.6,60.5,63.8,57.2
2005,2,113.0,0.0492,0.0066,58.4,52.6,60.5,63.8,57.2
2005,3,112.2,0.0181,0.0066,58.4,52.6,60.5,63.8,57.2
2005,4,112.9,0.0208,0.0056,58.4,52.6,60.5,63.8,57.2
2005,5,112.2,0.0181,0.0074,58.4,52.6,60.5,63.8,57.2
2005,6,111.7,0.0072,0.0009,58.4,52.6,60.5,63.8,57.2
2005,7,111.6,0.0054,-0.0009,58.4,52.6,60.5,63.8,57.2
2005,8,112.5,0.0227,0.0028,58.4,52.6,60.5,63.8,57.2
2005,9,111.5,0.0081,0.0129,58.4,52.6,60.5,63.8,57.2
2005,10,111.0,-0.0009,0.0118,58.4,52.6,60.5,63.8,57.2
2005,11,113.7,0.0152,0.0054,58.4,52.6,60.5,63.8,57.2
2005,12,112.3,0.0054,-0.008,58.4,52.6,60.5,63.8,57.2
2006,1,112.4,-0.0123,-0.0063,58.4,52.6,60.5,63.8,57.2
2006,2,111.5,-0.0133,0.0009,58.4,52.6,60.5,63.8,57.2
2006,3,112.0,-0.0018,0.0,58.4,52.6,60.5,63.8,57.2
2006,4,111.2,-0.0151,0.0036,58.4,52.6,60.5,63.8,57.2
2006,5,113.6,0.0125,0.0117,58.4,52.6,60.5,63.8,57.2
2006,6,113.0,0.0116,0.0027,58.4,52.6,60.5,63.8,57.2
2006,7,111.8,0.0018,0.0009,58.4,52.6,60.5,63.8,57.2
2006,8,109.6,-0.0258,0.0062,58.4,52.6,60.5,63.8,57.2
2006,9,112.8,0.0117,0.0018,58.4,52.6,60.5,63.8,57.2
2006,10,110.8,-0.0018,-0.0035,58.4,52.6,60.5,63.8,57.2
2006,11,108.5,-0.0457,-0.0044,58.4,52.6,60.5,63.8,57.2
2006,12,110.6,-0.0151,-0.0018,58.4,52.6,60.5,63.8,57.2
2007,1,109.9,-0.0222,0.0062,58.4,52.6,60.5,63.8,57.2
2007,2,110.5,-0.009,-0.0044,58.4,52.6,60.5,63.8,57.2
2007,3,111.7,-0.0027,-0.0009,58.4,52.6,60.5,63.8,57.2
2007,4,110.3,-0.0081,0.0044,58.4,52.6,60.5,63.8,57.2
2007,5,110.4,-0.0282,0.0018,58.4,52.6,60.5,63.8,57.2
2007,6,109.7,-0.0292,-0.0027,58.4,52.6,60.5,63.8,57.2
2007,7,108.7,-0.0277,0.0018,58.4,52.6,60.5,63.8,57.2
2007,8,109.6,0.0,0.0027,58.4,52.6,60.5,63.8,57.2
2007,9,109.3,-0.031,0.0044,58.4,52.6,60.5,63.8,57.2
2007,10,110.9,0.0009,0.0018,58.4,52.6,60.5,63.8,57.2
2007,11,110.7,0.0203,0.0096,58.4,52.6,60.5,63.8,57.2
2007,12,110.7,0.0009,0.0061,58.4,52.6,60.5,63.8,57.2
2008,1,113.4,0.0318,0.0017,58.4,52.6,60.5,63.8,57.2
2008,2,111.0,0.0045,-0.0009,58.4,52.6,60.5,63.8,57.2
2008,3,109.6,-0.0188,0.0052,58.4,52.6,60.5,63.8,57.2
2008,4,111.6,0.0118,0.0112,58.4,52.6,60.5,63.8,57.2
2008,5,111.3,0.0082,0.0229,58.4,52.6,60.5,63.8,57.2
2008,6,109.9,0.0018,0.0207,58.4,52.6,60.5,63.8,57.2
2008,7,111.1,0.0221,0.0081,58.4,52.6,60.5,63.8,57.2
2008,8,109.0,-0.0055,0.0,58.4,52.6,60.5,63.8,57.2
2008,9,107.4,-0.0174,-0.0177,58.4,52.6,60.5,63.8,57.2
2008,10,107.4,-0.0316,-0.0041,58.4,52.6,60.5,63.8,57.2
2008,11,104.2,-0.0587,-0.0289,58.4,52.6,60.5,63.8,57.2
2008,12,100.4,-0.093,-0.0229,58.4,52.6,60.5,63.8,57.2
2009,1,98.6,-0.1305,-0.0165,58.4,52.6,60.5,63.8,57.2
2009,2,101.1,-0.0892,-0.0097,58.4,52.6,60.5,63.8,57.2
2009,3,95.8,-0.1259,-0.0152,58.4,52.6,60.5,63.8,57.2
2009,4,94.9,-0.1496,-0.0063,58.4,52.6,60.5,63.8,57.2
2009,5,95.1,-0.1456,0.0009,58.4,52.6,60.5,63.8,57.2
2009,6,96.2,-0.1247,0.0027,58.4,52.6,60.5,63.8,57.2
2009,7,98.4,-0.1143,0.0118,58.4,52.6,60.5,63.8,57.2
2009,8,99.2,-0.0899,-0.0036,58.4,52.6,60.5,63.8,57.2
2009,9,99.8,-0.0708,0.0063,58.4,52.6,60.5,63.8,57.2
2009,10,98.6,-0.0819,-0.0081,58.4,52.6,60.5,63.8,57.2
2009,11,101.3,-0.0278,0.0063,58.4,52.6,60.5,63.8,57.2
2009,12,101.7,0.0129,-0.0054,58.4,52.6,60.5,63.8,57.2
2010,1,103.1,0.0456,-0.0009,58.4,52.6,60.5,63.8,57.2
2010,2,105.2,0.0406,0.0018,58.4,52.6,60.5,63.8,57.2
2010,3,105.4,0.1002,0.0081,58.4,52.6,60.5,63.8,57.2
2010,4,106.2,0.1191,0.0027,58.4,52.6,60.5,63.8,57.2
2010,5,106.3,0.1178,0.0089,58.4,52.6,60.5,63.8,57.2
2010,6,106.4,0.106,0.0027,58.4,52.6,60.5,63.8,57.2
2010,7,106.9,0.0864,-0.0009,58.4,52.6,60.5,63.8,57.2
2010,8,106.7,0.0756,0.0026,58.4,52.6,60.5,63.8,57.2
2010,9,107.2,0.0741,0.0009,58.4,52.6,60.5,63.8,57.2
2010,10,107.8,0.0933,0.0053,58.4,52.6,60.5,63.8,57.2
2010,11,107.3,0.0592,0.0122,58.4,52.6,60.5,63.8,57.2
2010,12,108.7,0.0688,0.0026,58.4,52.6,60.5,63.8,57.2
2011,1,110.0,0.0669,0.0034,58.4,52.6,60.5,63.8,57.2
2011,2,109.4,0.0399,0.0077,58.4,52.6,60.5,63.8,57.2
2011,3,110.9,0.0522,0.0162,58.4,52.6,60.5,63.8,57.2
2011,4,110.3,0.0386,0.0142,58.4,52.6,60.5,63.8,57.2
2011,5,108.5,0.0207,0.0058,58.4,52.6,60.5,63.8,57.2
2011,6,110.3,0.0367,-0.0025,58.4,52.6,60.5,63.8,57.2
2011,7,110.1,0.0299,-0.0008,58.4,52.6,60.5,63.8,57.2
2011,8,110.6,0.0366,-0.0008,58.4,52.6,60.5,63.8,57.2
2011,9,111.2,0.0373,0.0066,58.4,52.6,60.5,63.8,57.2
2011,10,111.5,0.0343,0.0,58.4,52.6,60.5,63.8,57.2
2011,11,111.8,0.0419,0.0098,58.4,52.6,60.5,63.8,57.2
2011,12,114.8,0.0561,0.0008,58.4,52.6,60.5,63.8,57.2
2012,1,111.2,0.0109,0.0057,58.4,52.6,60.5,63.8,57.2
2012,2,111.7,0.021,0.0048,58.4,52.6,60.5,63.8,57.2
2012,3,111.6,0.0063,0.0128,58.4,52.6,60.5,63.8,57.2
2012,4,111.8,0.0136,0.004,58.4,52.6,60.5,63.8,57.2
2012,5,112.7,0.0387,0.0024,58.4,52.6,60.5,63.8,57.2
2012,6,113.5,0.029,-0.0094,58.4,52.6,60.5,63.8,57.2
2012,7,113.2,0.0282,-0.0016,58.4,52.6,60.5,63.8,57.2
2012,8,112.6,0.0181,0.0096,58.4,52.6,60.5,63.8,57.2
2012,9,111.8,0.0054,0.0047,58.4,52.6,60.5,63.8,57.2
2012,10,110.2,-0.0117,-0.0016,58.4,52.6,60.5,63.8,57.2
2012,11,111.8,0.0,-0.0024,58.4,52.6,60.5,63.8,57.2
2012,12,111.9,-0.0253,0.0008,58.4,52.6,60.5,63.8,57.2
2013,1,114.1,0.0261,-0.0024,58.4,52.6,60.5,63.8,57.2
2013,2,115.6,0.0349,0.0039,58.4,52.6,60.5,63.8,57.2
2013,3,115.5,0.0349,0.0063,58.4,52.6,60.5,63.8,57.2
2013,4,114.7,0.0259,-0.0039,58.4,52.6,60.5,63.8,57.2
2013,5,115.7,0.0266,0.0024,58.4,52.6,60.5,63.8,57.2
2013,6,116.1,0.0229,-0.0016,58.4,52.6,60.5,63.8,57.2
2013,7,115.8,0.023,0.0,58.4,52.6,60.5,63.8,57.2
2013,8,116.3,0.0329,0.0,58.4,52.6,60.5,63.8,57.2
2013,9,116.4,0.0411,-0.0039,58.4,52.6,60.5,63.8,57.2
2013,10,116.3,0.0554,0.0008,58.4,52.6,60.5,63.8,57.2
2013,11,118.7,0.0617,0.0031,58.4,52.6,60.5,63.8,57.2
2013,12,117.4,0.0492,-0.0016,58.4,52.6,60.5,63.8,57.2
2014,1,115.9,0.0158,0.0039,58.4,52.6,60.5,63.8,57.2
2014,2,117.8,0.019,0.0023,58.4,52.6,60.5,63.8,57.2
2014,3,119.7,0.0364,0.0039,58.4,52.6,60.5,63.8,57.2
2014,4,120.2,0.048,0.0062,58.4,52.6,60.5,63.8,57.2
2014,5,120.7,0.0432,0.0085,58.4,52.6,60.5,63.8,57.2
2014,6,119.4,0.0284,0.0015,58.4,52.6,60.5,63.8,57.2
2014,7,120.1,0.0371,-0.0038,58.4,52.6,60.5,63.8,57.2
2014,8,120.4,0.0353,0.0008,58.4,52.6,60.5,63.8,57.2
2014,9,121.6,0.0447,0.0,58.4,52.6,60.5,63.8,57.2
2014,10,122.3,0.0516,-0.0054,58.4,52.6,60.5,63.8,57.2
2014,11,122.9,0.0354,0.0008,58.4,52.6,60.5,63.8,57.2
2014,12,122.8,0.046,-0.0069,58.4,52.6,60.5,63.8,57.2
2015,1,122.6,0.0578,-0.0171,58.4,52.6,60.5,63.8,57.2
2015,2,121.8,0.034,-0.0055,58.4,52.6,60.5,63.8,57.2
2015,3,122.7,0.0251,0.0,58.4,52.6,60.5,63.8,57.2
2015,4,121.6,0.0116,0.0016,58.4,52.6,60.5,63.8,57.2
2015,5,121.7,0.0083,0.0008,58.4,52.6,60.5,63.8,57.2
2015,6,121.4,0.0168,0.0063,58.4,52.6,60.5,63.8,57.2
2015,7,122.4,0.0192,-0.0016,58.4,52.6,60.5,63.8,57.2
2015,8,122.9,0.0208,-0.0055,58.4,52.6,60.5,63.8,57.2
2015,9,123.1,0.0123,-0.0024,58.4,52.6,60.5,63.8,57.2
2015,10,122.6,0.0025,-0.0032,58.4,52.6,60.5,63.8,57.2
2015,11,120.7,-0.0179,0.0024,58.4,52.6,60.5,63.8,57.2
2015,12,120.3,-0.0204,-0.0079,58.4,52.6,60.5,63.8,57.2
2016,1,122.1,-0.0041,-0.0016,58.4,52.6,60.5,63.8,57.2
2016,2,121.4,-0.0033,-0.0096,58.4,52.6,60.5,63.8,57.2
2016,3,120.4,-0.0187,-0.0016,58.4,52.6,60.5,63.8,57.2
2016,4,122.8,0.0099,0.0032,58.4,52.6,60.5,63.8,57.2
2016,5,122.0,0.0025,-0.0065,58.4,52.6,60.5,63.8,57.2
2016,6,122.9,0.0124,-0.0008,58.4,52.6,60.5,63.8,57.2
2016,7,125.2,0.0229,0.0024,58.4,52.6,60.5,63.8,57.2
2016,8,123.2,0.0024,0.0,58.4,52.6,60.5,63.8,57.2
2016,9,122.0,-0.0089,0.0024,58.4,52.6,60.5,63.8,57.2
2016,10,122.9,0.0024,0.0065,58.4,52.6,60.5,63.8,57.2
2016,11,123.1,0.0199,0.0,58.4,52.6,60.5,63.8,57.2
2016,12,124.2,0.0324,0.0008,58.4,52.6,60.5,63.8,57.2
2017,1,123.8,0.0139,0.0016,58.4,52.6,60.5,63.8,57.2
2017,2,124.6,0.0264,0.0024,58.4,52.6,60.5,63.8,57.2
2017,3,124.9,0.0374,-0.004,58.4,52.6,60.5,63.8,57.2
2017,4,125.3,0.0204,0.0008,58.4,52.6,60.5,63.8,57.2
2017,5,125.9,0.032,-0.0024,58.4,52.6,60.5,63.8,57.2
2017,6,125.8,0.0236,0.0016,58.4,52.6,60.5,63.8,57.2
2017,7,128.2,0.024,0.0,58.4,52.6,60.5,63.8,57.2
2017,8,128.9,0.0463,0.0137,58.4,52.6,60.5,63.8,57.2
2017,9,128.8,0.0557,0.0056,58.4,52.6,60.5,63.8,57.2
2017,10,130.1,0.0586,0.0,58.4,52.6,60.5,63.8,57.2
2017,11,131.7,0.0699,0.015,58.4,52.6,60.5,63.8,57.2
2017,12,133.3,0.0733,0.014,58.4,52.6,60.5,63.8,57.2
2018,1,131.3,0.0606,0.0054,58.4,52.6,60.5,63.8,57.2
2018,2,133.7,0.073,0.0076,58.4,52.6,60.5,63.8,57.2
2018,3,135.3,0.0833,0.0,58.4,52.6,60.5,63.8,57.2
2018,4,135.2,0.079,0.0023,58.4,52.6,60.5,63.8,57.2
2018,5,136.2,0.0818,0.0098,58.4,52.6,60.5,63.8,57.2
2018,6,136.9,0.0882,0.0135,58.4,52.6,60.5,63.8,57.2
2018,7,135.7,0.0585,0.0103,58.4,52.6,60.5,63.8,57.2
2018,8,136.2,0.0566,0.0051,58.4,52.6,60.5,63.8,57.2
2018,9,138.0,0.0714,0.008,58.4,52.6,60.5,63.8,57.2
2018,10,139.2,0.0699,0.0087,58.4,52.6,60.5,63.8,57.2
2018,11,139.2,0.0569,0.0036,58.4,52.6,60.5,63.8,57.2
2018,12,137.2,0.0293,0.0007,58.4,52.6,60.5,63.8,57.2
2019,1,137.5,0.0472,-0.0036,58.4,52.6,60.5,63.8,57.2
2019,2,136.3,0.0194,-0.0093,58.4,52.6,60.5,63.8,57.2
2019,3,136.4,0.0081,-0.0029,58.4,52.6,60.5,63.8,57.2
2019,4,137.6,0.0178,-0.0109,58.4,52.6,60.5,63.8,57.2
2019,5,137.5,0.0095,0.0044,58.4,52.6,60.5,63.8,57.2
2019,6,136.6,-0.0022,0.0029,58.4,52.6,60.5,63.8,57.2
2019,7,138.7,0.0221,-0.0065,58.4,52.6,60.5,63.8,57.2
2019,8,140.6,0.0323,-0.0051,58.4,52.6,60.5,63.8,57.2
2019,9,137.1,-0.0065,0.0037,58.4,52.6,60.5,63.8,57.2
2019,10,137.1,-0.0151,0.0,58.4,52.6,60.5,63.8,57.2
2019,11,136.7,-0.018,0.0256,58.4,52.6,60.5,63.8,57.2
2019,12,135.4,-0.0131,0.0064,58.4,52.6,60.5,63.8,57.2
2020,1,135.4,-0.0153,-0.0333,58.4,52.6,60.5,63.8,57.2
2020,2,135.1,-0.0088,-0.0015,58.4,52.6,60.5,63.8,57.2
2020,3,133.9,-0.0183,-0.0132,58.4,52.6,60.5,63.8,57.2
2020,4,123.8,-0.1003,-0.0186,58.4,52.6,60.5,63.8,57.2
2020,5,125.5,-0.0873,-0.0273,58.4,52.6,60.5,63.8,57.2
2020,6,128.5,-0.0593,0.0296,58.4,52.6,60.5,63.8,57.2
2020,7,132.5,-0.0447,0.0152,58.4,52.6,60.5,63.8,57.2
2020,8,130.8,-0.0697,0.0119,58.4,52.6,60.5,63.8,57.2
2020,9,131.2,-0.043,0.0251,58.4,52.6,60.5,63.8,57.2
2020,10,132.0,-0.0372,0.023,58.4,52.6,60.5,63.8,57.2
2020,11,132.3,-0.0322,0.0309,58.4,52.6,60.5,63.8,57.2
2020,12,134.0,-0.0103,0.0068,58.4,52.6,60.5,63.8,57.2
2021,1,135.9,0.0037,-0.0102,58.4,52.6,60.5,63.8,57.2
2021,2,131.8,-0.0244,0.0356,58.4,52.6,60.5,63.8,57.2
2021,3,134.6,0.0052,0.0225,58.4,52.6,60.5,63.8,57.2
2021,4,136.2,0.1002,0.0297,58.4,52.6,60.5,63.8,57.2
2021,5,135.2,0.0773,0.0176,58.4,52.6,60.5,63.8,57.2
2021,6,134.0,0.0428,-0.0173,58.4,52.6,60.5,63.8,57.2
2021,7,133.0,0.0038,0.0039,58.4,52.6,60.5,63.8,57.2
2021,8,131.7,0.0069,0.0298,58.4,52.6,60.5,63.8,57.2
2021,9,132.9,0.013,0.0296,58.4,52.6,60.5,63.8,57.2
2021,10,134.5,0.0189,0.0252,58.4,52.6,60.5,63.8,57.2
2021,11,135.5,0.0242,0.0505,58.4,52.6,60.5,63.8,57.2
2021,12,136.1,0.0157,0.028,58.4,52.6,60.5,63.8,57.2
2022,1,137.0,0.0081,0.0561,58.4,52.6,60.5,63.8,57.2
2022,2,137.6,0.044,0.0492,58.4,52.6,60.5,63.8,57.2
2022,3,139.1,0.0334,0.0149,58.4,52.6,60.5,63.8,57.2
2022,4,138.4,0.0162,-0.0062,58.4,52.6,60.5,63.8,57.2
2022,5,138.1,0.0214,0.0043,58.4,52.6,60.5,63.8,57.2
2022,6,138.4,0.0328,-0.035,58.4,52.6,60.5,63.8,57.2
2022,7,137.2,0.0316,0.0033,58.4,52.6,60.5,63.8,57.2
2022,8,137.8,0.0463,-0.0194,58.4,52.6,60.5,63.8,57.2
2022,9,138.4,0.0414,-0.0127,58.4,52.6,60.5,63.8,57.2
2022,10,137.0,0.0186,0.0001,58.4,52.6,60.5,63.8,57.2
2022,11,134.6,-0.0066,-0.0081,58.4,52.6,60.5,63.8,57.2
2022,12,135.3,-0.0059,0.0247,58.4,52.6,60.5,63.8,57.2
2023,1,137.4,0.0029,-0.0678,58.4,52.6,60.5,63.8,57.2
2023,2,139.3,0.0124,0.039,58.4,52.6,60.5,63.8,57.2
2023,3,137.6,-0.0108,0.0404,58.4,52.6,60.5,63.8,57.2
2023,4,137.1,-0.0094,-0.0885,58.4,52.6,60.5,63.8,57.2
2023,5,136.9,-0.0087,0.0445,58.4,52.6,60.5,63.8,57.2
2023,6,137.2,-0.0087,-0.0111,58.4,52.6,60.5,63.8,57.2
2023,7,137.9,0.0051,-0.062,58.4,52.6,60.5,63.8,57.2
2023,8,137.1,-0.0051,-0.0302,58.4,52.6,60.5,63.8,57.2
2023,9,137.6,-0.0058,0.0505,58.4,52.6,60.5,63.8,57.2
2023,10,137.8,0.0058,0.0109,58.4,52.6,60.5,63.8,57.2
2023,11,137.3,0.0201,0.0174,58.4,52.6,60.5,63.8,57.2
2023,12,138.4,0.0229,-0.0507,58.4,52.6,60.5,63.8,57.2
2024,1,134.4,-0.0218,0.0068,58.4,52.6,60.5,63.8,57.2
2024,2,137.1,-0.0158,-0.0034,58.4,52.6,60.5,63.8,57.2
2024,3,136.6,-0.0073,-0.0308,58.4,52.6,60.5,63.8,57.2
2024,4,135.3,-0.0131,0.0008,58.4,52.6,60.5,63.8,57.2
2024,5,138.7,0.0131,0.0498,58.4,52.6,60.5,63.8,57.2
2024,6,138.1,0.0066,0.0062,58.4,52.6,60.5,63.8,57.2
2024,7,137.7,-0.0015,0.0403,58.4,52.6,60.5,63.8,57.2
2024,8,138.8,0.0124,-0.0702,58.4,52.6,60.5,63.8,57.2
2024,9,137.5,-0.0007,-0.0258,58.4,52.6,60.5,63.8,57.2
2024,10,138.4,0.0044,-0.0362,58.4,52.6,60.5,63.8,57.2
2024,11,136.8,-0.0036,-0.0336,58.4,52.6,60.5,63.8,57.2
2024,12,137.2,-0.0087,0.0709,58.4,52.6,60.5,63.8,57.2
2025,1,136.7,0.0171,0.0579,58.4,52.6,60.5,63.8,57.2
2025,2,137.4,0.0022,-0.0125,62.8,53.0,57.8,65.5,56.8
2025,3,137.6,0.0073,-0.0756,57.1,60.5,54.0,66.9,53.5
2025,4,137.6,0.017,0.0559,58.8,55.2,58.8,62.3,55.3
2025,5,137.1,-0.0115,0.0196,59.4,54.7,52.6,61.7,53.2
2025,6,137.1,-0.0072,-0.0567,60.7,52.4,60.4,62.0,56.7
2025,7,138.9,0.0087,0.0743,59.2,54.0,59.5,63.0,56.2
2025,8,139.0,0.0014,0.0079,59.3,57.3,61.5,56.1,53.4
2025,9,138.3,0.0058,0.0204,57.4,56.5,57.4,61.1,54.0
2025,10,136.8,-0.0116,-0.0062,57.4,61.8,60.0,70.0,56.1
2025,11,138.6,0.0132,0.0261,55.7,50.0,56.9,64.9,57.3
2025,12,137.8,0.0044,-0.0089,54.2,54.2,70.3,66.7,60.9
